{"top_artists": {"Matu\u00ea": 638, "Alee": 529, "MC Cabelinho": 396, "Filipe Ret": 377, "Teto": 336, "Juice WRLD": 271, "WIU": 199, "Brand\u00e3o85": 185, "Yunk Vino": 171, "Veigh": 99}, "top_tracks": {"terminei recentemente": 73, "tigrinho": 58, "ngm \u00e9 perfeito": 54, "DIOR": 52, "Crack com Mussilon": 52, "TEMPO DO OURO": 47, "Balan\u00e7o de Rede": 45, "\u00daLTIMA VEZ": 44, "HERAN\u00c7A": 43, "acabou o amor": 42}, "total_tracks": 4651, "total_minutes": 13953, "total_artists": 281, "total_different_tracks": 782, "top_month": {"December": 2542}, "top_day": {"January 21": 206}, "hour_dist": {"00": 6.7512362932702645, "01": 4.708664803268114, "02": 2.7735970758976563, "03": 0.6880240808428295, "04": 0.06450225757901526, "07": 0.21500752526338424, "08": 0.34401204042141476, "09": 0.7525263384218448, "10": 2.752096323371318, "11": 4.257149000215008, "12": 6.987744571059987, "13": 2.902601591055687, "14": 3.418619651687809, "15": 4.0636422274779616, "16": 7.611266394323801, "17": 7.740270909481832, "18": 8.686304020640723, "19": 7.697269404429155, "20": 5.418189636637282, "21": 4.708664803268114, "22": 7.912276929692539, "23": 9.54633412169426}}