{"top_artists": {"Matu\u00ea": 1160, "Alee": 763, "WIU": 527, "Filipe Ret": 485, "MC Cabelinho": 482, "Teto": 472, "Juice WRLD": 303, "Brand\u00e3o85": 285, "Yunk Vino": 262, "Veigh": 133}, "top_tracks": {"Crack com Mussilon": 97, "terminei recentemente": 78, "HERAN\u00c7A": 70, "tigrinho": 69, "\u00daLTIMA VEZ": 69, "DIOR": 67, "DISCO DE PLATINA": 65, "TEMPO DO OURO": 64, "ngm \u00e9 perfeito": 63, "PASSADO DE UM VIL\u00c3O": 54}, "total_tracks": 7087, "total_minutes": 21261, "total_artists": 433, "total_different_tracks": 1030, "top_month": {"January": 3030}, "top_day": {"January 21": 206}, "hour_dist": {"00": 6.490757725412727, "01": 4.374206293212925, "02": 2.314096232538451, "03": 0.5079723437279525, "04": 0.04233102864399605, "06": 0.014110342881332017, "07": 0.14110342881332016, "08": 0.47975165796528857, "09": 1.0864964018625654, "10": 2.7374065189784114, "11": 4.995061379991534, "12": 6.617750811344715, "13": 3.4711443488076763, "14": 3.7251305206716525, "15": 4.896288979822209, "16": 7.986454070833922, "17": 8.46620572879921, "18": 8.452095385917877, "19": 6.970509383378016, "20": 4.797516579652886, "21": 4.924509665584874, "22": 7.746578241851276, "23": 8.762522929307181}}