{"top_artists": {"Matu\u00ea": 3070, "Teto": 1545, "Filipe Ret": 1264, "Alee": 1212, "WIU": 1018, "Yunk Vino": 744, "MC Cabelinho": 637, "Brand\u00e3o85": 473, "Juice WRLD": 377, "Veigh": 333}, "top_tracks": {"Crack com Mussilon": 230, "M\u00e1quina do Tempo": 160, "333": 156, "Cogul\u00e2ndia": 122, "Antes": 119, "Gorilla Roxo": 118, "Maria": 117, "MULHER SECRETA": 116, "Imagina esse Cen\u00e1rio": 115, "Isso \u00e9 S\u00e9rio": 107}, "total_tracks": 15088, "total_minutes": 45279.0, "total_artists": 704, "total_different_tracks": 1524, "top_month": {"January": 3030}, "top_day": {"April 29": 234}, "hour_dist": {"00": 6.097560975609756, "01": 3.3337751855779425, "02": 1.4514846235418877, "03": 0.51033934252386, "04": 0.2982502651113468, "05": 0.21871686108165428, "06": 0.2982502651113468, "07": 0.3181336161187699, "08": 0.5501060445387063, "09": 1.179745493107105, "10": 2.1010074231177094, "11": 4.937698833510074, "12": 5.905355249204666, "13": 2.9559915164369035, "14": 4.59305408271474, "15": 6.236744432661718, "16": 7.568928950159067, "17": 9.172852598091199, "18": 9.040296924708377, "19": 7.257423117709438, "20": 5.1166489925768825, "21": 5.434782608695652, "22": 7.224284199363733, "23": 8.198568398727465}}